['AStar-Alg3-FF-umtranslog1'],[0.06675195693969727]
['AStar-Alg3-FF-umtranslog2'],[0.06494593620300293]
['AStar-Alg3-FF-umtranslog3'],[0.06441307067871094]
['AStar-Alg3-FF-umtranslog4'],[0.06434488296508789]
['AStar-Alg3-FF-umtranslog5'],[0.06544113159179688]
['AStar-Alg3-FF-umtranslog6'],[0.0657200813293457]
['AStar-Alg3-FF-umtranslog7'],[0.0655369758605957]
['AStar-Alg3-FF-umtranslog8'],[0.06535506248474121]
['AStar-Alg3-FF-umtranslog9'],[0.06422901153564453]
['AStar-Alg3-FF-umtranslog10'],[0.06351399421691895]
['AStar-Alg3-FF-umtranslog11'],[0.07008504867553711]
['AStar-Alg3-FF-umtranslog12'],[0.06437206268310547]
['AStar-Alg3-FF-umtranslog13'],[0.06437802314758301]
['AStar-Alg3-FF-umtranslog14'],[0.06485605239868164]
['AStar-Alg3-FF-umtranslog15'],[0.06481099128723145]
['AStar-Alg3-FF-umtranslog16'],[0.1295609474182129]
['AStar-Alg3-FF-umtranslog17'],[0.0629119873046875]
['AStar-Alg3-FF-umtranslog18'],[0.06326603889465332]
['AStar-Alg3-FF-umtranslog19'],[0.06148099899291992]
['AStar-Alg3-FF-umtranslog20'],[0.06215405464172363]
['AStar-Alg3-FF-umtranslog21'],[0.06428098678588867]
['AStar-Alg3-FF-umtranslog22'],[0.06374406814575195]
['AStar-Alg3-FF-satellite1'],[0.08368301391601562]
['AStar-Alg3-FF-satellite2'],[0.0653069019317627]
['AStar-Alg3-FF-satellite3'],[0.06537604331970215]
['AStar-Alg3-FF-satellite4'],[0.06435298919677734]
['AStar-Alg3-FF-satellite5'],[0.06313800811767578]
['AStar-Alg3-FF-satellite6'],[0.06496906280517578]
['AStar-Alg3-FF-satellite7'],[0.0655360221862793]
['AStar-Alg3-FF-satellite8'],[0.06745409965515137]
['AStar-Alg3-FF-satellite9'],[0.09663200378417969]
['AStar-Alg3-FF-satellite10'],[0.06282186508178711]
['AStar-Alg3-FF-satellite11'],[0.06493496894836426]
['AStar-Alg3-FF-satellite12'],[0.09630513191223145]
['AStar-Alg3-FF-satellite13'],[0.06080794334411621]
['AStar-Alg3-FF-satellite14'],[0.0659339427947998]
['AStar-Alg3-FF-satellite15'],[0.06944584846496582]
['AStar-Alg3-FF-satellite16'],[0.07049989700317383]
['AStar-Alg3-FF-satellite17'],[0.06446290016174316]
['AStar-Alg3-FF-satellite18'],[0.15005278587341309]
['AStar-Alg3-FF-satellite19'],[0.27544403076171875]
['AStar-Alg3-FF-satellite20'],[0.23586106300354004]
['AStar-Alg3-FF-satellite21'],[0.3211629390716553]
['AStar-Alg3-FF-satellite22'],[9.512757062911987]
['AStar-Alg3-FF-satellite23'],[0.09235811233520508]
['AStar-Alg3-FF-satellite24'],[0.10498809814453125]
['AStar-Alg3-FF-satellite25'],[0.10450100898742676]
['AStar-Alg3-FF-entertainment1'],[0.10422301292419434]
['AStar-Alg3-FF-entertainment2'],[0.1037302017211914]
['AStar-Alg3-FF-entertainment3'],[0.1048281192779541]
['AStar-Alg3-FF-entertainment4'],[0.10523390769958496]
['AStar-Alg3-FF-entertainment5'],[0.10652685165405273]
['AStar-Alg3-FF-entertainment6'],[0.8705949783325195]
['AStar-Alg3-FF-entertainment7'],[5.708195924758911]
['AStar-Alg3-FF-entertainment8'],[21.098811149597168]
['AStar-Alg3-FF-entertainment9'],[0.07699084281921387]
['AStar-Alg3-FF-entertainment10'],[0.09841799736022949]
['AStar-Alg3-FF-entertainment11'],[0.21639585494995117]
['AStar-Alg3-FF-entertainment12'],[4.6404948234558105]
['AStar-Alg3-FF-rover1'],[0.31101393699645996]
['AStar-Alg3-FF-rover2'],[0.15151000022888184]
['AStar-Alg3-FF-rover3'],[0.16543102264404297]
['AStar-Alg3-FF-rover4'],[0.22539806365966797]
['AStar-Alg3-FF-rover5'],[21.139919996261597]
['AStar-Alg3-FF-rover6'],[21.10306715965271]
['AStar-Alg3-FF-rover7'],[21.103536128997803]
['AStar-Alg3-FF-rover8'],[21.09864902496338]
['AStar-Alg3-FF-rover9'],[21.1607768535614]
['AStar-Alg3-FF-rover10'],[21.406311988830566]
['AStar-Alg3-FF-rover11'],[21.186089992523193]
['AStar-Alg3-FF-rover12'],[21.173580169677734]
['AStar-Alg3-FF-rover13'],[21.305541038513184]
['AStar-Alg3-FF-rover14'],[21.272118091583252]
['AStar-Alg3-FF-rover15'],[21.32720708847046]
['AStar-Alg3-FF-rover16'],[21.260266065597534]
['AStar-Alg3-FF-rover17'],[22.031054973602295]
['AStar-Alg3-FF-rover18'],[21.810313940048218]
['AStar-Alg3-FF-rover19'],[22.04420804977417]
['AStar-Alg3-FF-rover20'],[22.228548049926758]
['AStar-Alg3-FF-pcp1'],[0.07389497756958008]
['AStar-Alg3-FF-pcp2'],[0.07339286804199219]
['AStar-Alg3-FF-pcp3'],[0.07382702827453613]
['AStar-Alg3-FF-pcp4'],[0.07443404197692871]
['AStar-Alg3-FF-pcp5'],[0.07312607765197754]
['AStar-Alg3-FF-pcp6'],[0.07451295852661133]
['AStar-Alg3-FF-pcp7'],[0.0788881778717041]
['AStar-Alg3-FF-pcp8'],[0.07927203178405762]
['AStar-Alg3-FF-pcp9'],[0.07324504852294922]
['AStar-Alg3-FF-pcp10'],[0.07434201240539551]
['AStar-Alg3-FF-pcp11'],[0.07275700569152832]
['AStar-Alg3-FF-pcp12'],[0.07118415832519531]
['AStar-Alg3-FF-pcp13'],[0.07181596755981445]
['AStar-Alg3-FF-pcp14'],[0.07348799705505371]
['AStar-Alg3-FF-pcp15'],[0.0744318962097168]
['AStar-Alg3-FF-pcp16'],[0.13736796379089355]
['AStar-Alg3-FF-pcp17'],[0.12270617485046387]
['AStar-Alg3-FF-smartphone1'],[0.10423588752746582]
['AStar-Alg3-FF-smartphone2'],[0.11878705024719238]
['AStar-Alg3-FF-smartphone3'],[21.512321949005127]
['AStar-Alg3-FF-smartphone4'],[21.39998698234558]
['AStar-Alg3-FF-smartphone5'],[0.10717296600341797]
['AStar-Alg3-FF-smartphone6'],[0.10678410530090332]
['AStar-Alg3-FF-smartphone7'],[0.10858297348022461]
['AStar-Alg3-FF-transport1'],[0.10636711120605469]
['AStar-Alg3-FF-transport2'],[0.11303305625915527]
['AStar-Alg3-FF-transport3'],[0.10879802703857422]
['AStar-Alg3-FF-transport4'],[0.5505111217498779]
['AStar-Alg3-FF-transport5'],[5.2966649532318115]
['AStar-Alg3-FF-transport6'],[21.094713926315308]
['AStar-Alg3-FF-transport7'],[3.7849559783935547]
['AStar-Alg3-FF-transport8'],[4.7362120151519775]
['AStar-Alg3-FF-transport9'],[1.8517048358917236]
['AStar-Alg3-FF-transport10'],[1.222909927368164]
['AStar-Alg3-FF-transport11'],[0.34390807151794434]
['AStar-Alg3-FF-transport12'],[16.542663097381592]
['AStar-Alg3-FF-transport13'],[21.199656009674072]
['AStar-Alg3-FF-transport14'],[21.148895978927612]
['AStar-Alg3-FF-transport15'],[21.139107942581177]
['AStar-Alg3-FF-transport16'],[21.1556179523468]
['AStar-Alg3-FF-transport17'],[21.159894943237305]
['AStar-Alg3-FF-transport18'],[21.28606081008911]
['AStar-Alg3-FF-transport19'],[21.34439778327942]
['AStar-Alg3-FF-transport20'],[21.186371088027954]
['AStar-Alg3-FF-transport21'],[21.325221061706543]
['AStar-Alg3-FF-transport22'],[21.395824909210205]
['AStar-Alg3-FF-transport23'],[21.237344980239868]
['AStar-Alg3-FF-transport24'],[21.171578884124756]
['AStar-Alg3-FF-transport25'],[21.57759690284729]
['AStar-Alg3-FF-transport26'],[22.021079063415527]
['AStar-Alg3-FF-transport27'],[21.401273012161255]
['AStar-Alg3-FF-transport28'],[21.1425039768219]
['AStar-Alg3-FF-transport29'],[22.15082883834839]
['AStar-Alg3-FF-transport30'],[22.95929479598999]
['AStar-Alg3-FF-woodworking1'],[0.11294198036193848]
['AStar-Alg3-FF-woodworking2'],[0.10430598258972168]
['AStar-Alg3-FF-woodworking3'],[0.10594916343688965]
['AStar-Alg3-FF-woodworking4'],[0.1102299690246582]
['AStar-Alg3-FF-woodworking5'],[0.11240100860595703]
['AStar-Alg3-FF-woodworking6'],[0.08871698379516602]
['AStar-Alg3-FF-woodworking7'],[0.06820893287658691]
['AStar-Alg3-FF-woodworking8'],[0.0964510440826416]
['AStar-Alg3-FF-woodworking9'],[0.07762598991394043]
['AStar-Alg3-FF-woodworking10'],[0.12184405326843262]
['AStar-Alg3-FF-woodworking11'],[21.12417197227478]
['AStar-Alg3-LmCut-umtranslog1'],[0.06160306930541992]
['AStar-Alg3-LmCut-umtranslog2'],[0.06227898597717285]
['AStar-Alg3-LmCut-umtranslog3'],[0.06461000442504883]
['AStar-Alg3-LmCut-umtranslog4'],[0.0654439926147461]
['AStar-Alg3-LmCut-umtranslog5'],[0.06486797332763672]
['AStar-Alg3-LmCut-umtranslog6'],[0.0987241268157959]
['AStar-Alg3-LmCut-umtranslog7'],[0.1086571216583252]
['AStar-Alg3-LmCut-umtranslog8'],[0.10642194747924805]
['AStar-Alg3-LmCut-umtranslog9'],[0.10601520538330078]
['AStar-Alg3-LmCut-umtranslog10'],[0.10711908340454102]
['AStar-Alg3-LmCut-umtranslog11'],[0.10648393630981445]
['AStar-Alg3-LmCut-umtranslog12'],[0.1066751480102539]
['AStar-Alg3-LmCut-umtranslog13'],[0.10642313957214355]
['AStar-Alg3-LmCut-umtranslog14'],[0.10742902755737305]
['AStar-Alg3-LmCut-umtranslog15'],[0.11417794227600098]
['AStar-Alg3-LmCut-umtranslog16'],[0.307650089263916]
['AStar-Alg3-LmCut-umtranslog17'],[0.11083197593688965]
['AStar-Alg3-LmCut-umtranslog18'],[0.10682201385498047]
['AStar-Alg3-LmCut-umtranslog19'],[0.1058039665222168]
['AStar-Alg3-LmCut-umtranslog20'],[0.1080319881439209]
['AStar-Alg3-LmCut-umtranslog21'],[0.11548900604248047]
['AStar-Alg3-LmCut-umtranslog22'],[0.11342597007751465]
['AStar-Alg3-LmCut-satellite1'],[0.10756897926330566]
['AStar-Alg3-LmCut-satellite2'],[0.10879087448120117]
['AStar-Alg3-LmCut-satellite3'],[0.10953617095947266]
['AStar-Alg3-LmCut-satellite4'],[0.11148905754089355]
['AStar-Alg3-LmCut-satellite5'],[0.11166810989379883]
['AStar-Alg3-LmCut-satellite6'],[0.07998299598693848]
['AStar-Alg3-LmCut-satellite7'],[0.0706639289855957]
['AStar-Alg3-LmCut-satellite8'],[0.10268878936767578]
['AStar-Alg3-LmCut-satellite9'],[0.19575095176696777]
['AStar-Alg3-LmCut-satellite10'],[0.0836329460144043]
['AStar-Alg3-LmCut-satellite11'],[0.1631629467010498]
['AStar-Alg3-LmCut-satellite12'],[0.34809207916259766]
['AStar-Alg3-LmCut-satellite13'],[0.19539999961853027]
['AStar-Alg3-LmCut-satellite14'],[0.2280869483947754]
['AStar-Alg3-LmCut-satellite15'],[0.39525389671325684]
['AStar-Alg3-LmCut-satellite16'],[0.45110106468200684]
['AStar-Alg3-LmCut-satellite17'],[0.8435969352722168]
['AStar-Alg3-LmCut-satellite18'],[2.599874973297119]
['AStar-Alg3-LmCut-satellite19'],[21.54680585861206]
['AStar-Alg3-LmCut-satellite20'],[21.152623176574707]
['AStar-Alg3-LmCut-satellite21'],[21.187105894088745]
['AStar-Alg3-LmCut-satellite22'],[22.215780019760132]
['AStar-Alg3-LmCut-satellite23'],[0.10704278945922852]
['AStar-Alg3-LmCut-satellite24'],[0.08873510360717773]
['AStar-Alg3-LmCut-satellite25'],[0.06425786018371582]
['AStar-Alg3-LmCut-entertainment1'],[0.06555318832397461]
['AStar-Alg3-LmCut-entertainment2'],[0.06324100494384766]
['AStar-Alg3-LmCut-entertainment3'],[0.06694412231445312]
['AStar-Alg3-LmCut-entertainment4'],[0.06613898277282715]
['AStar-Alg3-LmCut-entertainment5'],[0.07399582862854004]
['AStar-Alg3-LmCut-entertainment6'],[20.894542932510376]
['AStar-Alg3-LmCut-entertainment7'],[21.64743399620056]
['AStar-Alg3-LmCut-entertainment8'],[21.54555106163025]
['AStar-Alg3-LmCut-entertainment9'],[0.1260519027709961]
['AStar-Alg3-LmCut-entertainment10'],[4.424231052398682]
['AStar-Alg3-LmCut-entertainment11'],[1.3556110858917236]
['AStar-Alg3-LmCut-entertainment12'],[21.48133683204651]
['AStar-Alg3-LmCut-rover1'],[8.019331216812134]
['AStar-Alg3-LmCut-rover2'],[4.72753381729126]
['AStar-Alg3-LmCut-rover3'],[5.493558883666992]
['AStar-Alg3-LmCut-rover4'],[7.9687299728393555]
['AStar-Alg3-LmCut-rover5'],[23.246325969696045]
['AStar-Alg3-LmCut-rover6'],[24.872701168060303]
['AStar-Alg3-LmCut-rover7'],[24.470512866973877]
['AStar-Alg3-LmCut-rover8'],[26.916378021240234]
['AStar-Alg3-LmCut-rover9'],[27.197168111801147]
['AStar-Alg3-LmCut-rover10'],[27.802456855773926]
['AStar-Alg3-LmCut-rover11'],[25.496356964111328]
['AStar-Alg3-LmCut-rover12'],[22.45678400993347]
['AStar-Alg3-LmCut-rover13'],[28.325623035430908]
['AStar-Alg3-LmCut-rover14'],[24.2671160697937]
['AStar-Alg3-LmCut-rover15'],[32.24256205558777]
['AStar-Alg3-LmCut-rover16'],[23.07124090194702]
['AStar-Alg3-LmCut-rover17'],[56.05286717414856]
['AStar-Alg3-LmCut-rover18'],[75.30850100517273]
['AStar-Alg3-LmCut-rover19'],[169.6327040195465]
['AStar-Alg3-LmCut-rover20'],[297.181911945343]
['AStar-Alg3-LmCut-pcp1'],[0.14672613143920898]
['AStar-Alg3-LmCut-pcp2'],[0.14710021018981934]
['AStar-Alg3-LmCut-pcp3'],[0.146589994430542]
['AStar-Alg3-LmCut-pcp4'],[0.1465158462524414]
['AStar-Alg3-LmCut-pcp5'],[0.14513015747070312]
['AStar-Alg3-LmCut-pcp6'],[0.14604592323303223]
['AStar-Alg3-LmCut-pcp7'],[0.16597414016723633]
['AStar-Alg3-LmCut-pcp8'],[0.14824700355529785]
['AStar-Alg3-LmCut-pcp9'],[0.14756083488464355]
['AStar-Alg3-LmCut-pcp10'],[0.14621901512145996]
['AStar-Alg3-LmCut-pcp11'],[0.1473531723022461]
['AStar-Alg3-LmCut-pcp12'],[0.1470489501953125]
['AStar-Alg3-LmCut-pcp13'],[0.1477060317993164]
['AStar-Alg3-LmCut-pcp14'],[0.14806699752807617]
['AStar-Alg3-LmCut-pcp15'],[0.14473199844360352]
['AStar-Alg3-LmCut-pcp16'],[0.14644408226013184]
['AStar-Alg3-LmCut-pcp17'],[0.1468219757080078]
['AStar-Alg3-LmCut-smartphone1'],[0.1070411205291748]
['AStar-Alg3-LmCut-smartphone2'],[0.11513209342956543]
['AStar-Alg3-LmCut-smartphone3'],[21.07631015777588]
['AStar-Alg3-LmCut-smartphone4'],[22.858035802841187]
['AStar-Alg3-LmCut-smartphone5'],[0.10950398445129395]
['AStar-Alg3-LmCut-smartphone6'],[0.10721087455749512]
['AStar-Alg3-LmCut-smartphone7'],[0.1109151840209961]
['AStar-Alg3-LmCut-transport1'],[0.10757303237915039]
['AStar-Alg3-LmCut-transport2'],[0.30193519592285156]
['AStar-Alg3-LmCut-transport3'],[0.12523198127746582]
['AStar-Alg3-LmCut-transport4'],[6.005666971206665]
['AStar-Alg3-LmCut-transport5'],[21.255417108535767]
['AStar-Alg3-LmCut-transport6'],[21.569494009017944]
['AStar-Alg3-LmCut-transport7'],[21.475771188735962]
['AStar-Alg3-LmCut-transport8'],[21.47276496887207]
['AStar-Alg3-LmCut-transport9'],[21.128134965896606]
['AStar-Alg3-LmCut-transport10'],[21.38512682914734]
['AStar-Alg3-LmCut-transport11'],[21.815011978149414]
['AStar-Alg3-LmCut-transport12'],[21.786540985107422]
['AStar-Alg3-LmCut-transport13'],[22.504719972610474]
['AStar-Alg3-LmCut-transport14'],[21.23412799835205]
['AStar-Alg3-LmCut-transport15'],[25.190795183181763]
['AStar-Alg3-LmCut-transport16'],[24.459022998809814]
['AStar-Alg3-LmCut-transport17'],[31.369423151016235]
['AStar-Alg3-LmCut-transport18'],[24.674694061279297]
['AStar-Alg3-LmCut-transport19'],[26.53185486793518]
['AStar-Alg3-LmCut-transport20'],[23.927557945251465]
['AStar-Alg3-LmCut-transport21'],[21.43934392929077]
['AStar-Alg3-LmCut-transport22'],[38.94092893600464]
['AStar-Alg3-LmCut-transport23'],[23.25118398666382]
['AStar-Alg3-LmCut-transport24'],[24.016139030456543]
['AStar-Alg3-LmCut-transport25'],[60.97947406768799]
['AStar-Alg3-LmCut-transport26'],[114.66844487190247]
['AStar-Alg3-LmCut-transport27'],[76.87261486053467]
['AStar-Alg3-LmCut-transport28'],[135.27350687980652]
['AStar-Alg3-LmCut-transport29'],[272.52749490737915]
['AStar-Alg3-LmCut-transport30'],[250.12009692192078]
['AStar-Alg3-LmCut-woodworking1'],[0.07264590263366699]
['AStar-Alg3-LmCut-woodworking2'],[0.06704211235046387]
['AStar-Alg3-LmCut-woodworking3'],[0.06483101844787598]
['AStar-Alg3-LmCut-woodworking4'],[0.06655406951904297]
['AStar-Alg3-LmCut-woodworking5'],[0.0647130012512207]
['AStar-Alg3-LmCut-woodworking6'],[0.06475210189819336]
['AStar-Alg3-LmCut-woodworking7'],[0.09546494483947754]
['AStar-Alg3-LmCut-woodworking8'],[22.34368395805359]
['AStar-Alg3-LmCut-woodworking9'],[9.52913212776184]
['AStar-Alg3-LmCut-woodworking10'],[21.912324905395508]
['AStar-Alg3-LmCut-woodworking11'],[22.099812030792236]
['AStar-Alg3-Add-umtranslog1'],[0.06329107284545898]
['AStar-Alg3-Add-umtranslog2'],[0.06406402587890625]
['AStar-Alg3-Add-umtranslog3'],[0.06364083290100098]
['AStar-Alg3-Add-umtranslog4'],[0.06332993507385254]
['AStar-Alg3-Add-umtranslog5'],[0.06282711029052734]
['AStar-Alg3-Add-umtranslog6'],[0.06649589538574219]
['AStar-Alg3-Add-umtranslog7'],[0.06169891357421875]
['AStar-Alg3-Add-umtranslog8'],[0.06453204154968262]
['AStar-Alg3-Add-umtranslog9'],[0.06547307968139648]
['AStar-Alg3-Add-umtranslog10'],[0.06556200981140137]
['AStar-Alg3-Add-umtranslog11'],[0.06516885757446289]
['AStar-Alg3-Add-umtranslog12'],[0.07658195495605469]
['AStar-Alg3-Add-umtranslog13'],[0.06215310096740723]
['AStar-Alg3-Add-umtranslog14'],[0.06266903877258301]
['AStar-Alg3-Add-umtranslog15'],[0.06530308723449707]
['AStar-Alg3-Add-umtranslog16'],[0.13323688507080078]
['AStar-Alg3-Add-umtranslog17'],[0.10839605331420898]
['AStar-Alg3-Add-umtranslog18'],[0.11368083953857422]
['AStar-Alg3-Add-umtranslog19'],[0.10766291618347168]
['AStar-Alg3-Add-umtranslog20'],[0.10796093940734863]
['AStar-Alg3-Add-umtranslog21'],[0.1074378490447998]
['AStar-Alg3-Add-umtranslog22'],[0.10655403137207031]
['AStar-Alg3-Add-satellite1'],[0.11499404907226562]
['AStar-Alg3-Add-satellite2'],[0.12061095237731934]
['AStar-Alg3-Add-satellite3'],[0.06708192825317383]
['AStar-Alg3-Add-satellite4'],[0.06805205345153809]
['AStar-Alg3-Add-satellite5'],[0.06708002090454102]
['AStar-Alg3-Add-satellite6'],[0.0670011043548584]
['AStar-Alg3-Add-satellite7'],[0.06436419486999512]
['AStar-Alg3-Add-satellite8'],[0.06788015365600586]
['AStar-Alg3-Add-satellite9'],[0.09346890449523926]
['AStar-Alg3-Add-satellite10'],[0.06637907028198242]
['AStar-Alg3-Add-satellite11'],[0.07997798919677734]
['AStar-Alg3-Add-satellite12'],[0.10253119468688965]
['AStar-Alg3-Add-satellite13'],[0.0703279972076416]
['AStar-Alg3-Add-satellite14'],[0.07834601402282715]
['AStar-Alg3-Add-satellite15'],[0.09217000007629395]
['AStar-Alg3-Add-satellite16'],[0.0867462158203125]
['AStar-Alg3-Add-satellite17'],[0.6840910911560059]
['AStar-Alg3-Add-satellite18'],[0.2842099666595459]
['AStar-Alg3-Add-satellite19'],[21.12430191040039]
['AStar-Alg3-Add-satellite20'],[18.086599111557007]
['AStar-Alg3-Add-satellite21'],[21.100790977478027]
['AStar-Alg3-Add-satellite22'],[21.10445284843445]
['AStar-Alg3-Add-satellite23'],[0.06714606285095215]
['AStar-Alg3-Add-satellite24'],[0.06784796714782715]
['AStar-Alg3-Add-satellite25'],[0.06704282760620117]
['AStar-Alg3-Add-entertainment1'],[0.06466293334960938]
['AStar-Alg3-Add-entertainment2'],[0.07108187675476074]
['AStar-Alg3-Add-entertainment3'],[0.06464099884033203]
['AStar-Alg3-Add-entertainment4'],[0.06521010398864746]
['AStar-Alg3-Add-entertainment5'],[0.06762099266052246]
['AStar-Alg3-Add-entertainment6'],[0.19803690910339355]
['AStar-Alg3-Add-entertainment7'],[2.233534097671509]
['AStar-Alg3-Add-entertainment8'],[8.480845212936401]
['AStar-Alg3-Add-entertainment9'],[0.07700896263122559]
['AStar-Alg3-Add-entertainment10'],[0.07736992835998535]
['AStar-Alg3-Add-entertainment11'],[0.2134690284729004]
['AStar-Alg3-Add-entertainment12'],[2.587207078933716]
['AStar-Alg3-Add-rover1'],[0.06520295143127441]
['AStar-Alg3-Add-rover2'],[0.07182908058166504]
['AStar-Alg3-Add-rover3'],[0.11879706382751465]
['AStar-Alg3-Add-rover4'],[0.11013579368591309]
['AStar-Alg3-Add-rover5'],[0.29463911056518555]
['AStar-Alg3-Add-rover6'],[21.142256021499634]
['AStar-Alg3-Add-rover7'],[7.304026126861572]
['AStar-Alg3-Add-rover8'],[21.15435814857483]
['AStar-Alg3-Add-rover9'],[21.128873109817505]
['AStar-Alg3-Add-rover10'],[21.150497913360596]
['AStar-Alg3-Add-rover11'],[21.182882070541382]
['AStar-Alg3-Add-rover12'],[21.15524697303772]
['AStar-Alg3-Add-rover13'],[21.309128046035767]
['AStar-Alg3-Add-rover14'],[21.14408302307129]
['AStar-Alg3-Add-rover15'],[21.103304147720337]
['AStar-Alg3-Add-rover16'],[21.130146980285645]
['AStar-Alg3-Add-rover17'],[21.157474040985107]
['AStar-Alg3-Add-rover18'],[21.816263914108276]
['AStar-Alg3-Add-rover19'],[22.754728078842163]
['AStar-Alg3-Add-rover20'],[21.33576488494873]
['AStar-Alg3-Add-pcp1'],[0.07104897499084473]
['AStar-Alg3-Add-pcp2'],[0.07158803939819336]
['AStar-Alg3-Add-pcp3'],[0.07108306884765625]
['AStar-Alg3-Add-pcp4'],[0.07250404357910156]
['AStar-Alg3-Add-pcp5'],[0.07424402236938477]
['AStar-Alg3-Add-pcp6'],[0.07311201095581055]
['AStar-Alg3-Add-pcp7'],[0.07517600059509277]
['AStar-Alg3-Add-pcp8'],[0.07591509819030762]
['AStar-Alg3-Add-pcp9'],[0.07335686683654785]
['AStar-Alg3-Add-pcp10'],[0.0813591480255127]
['AStar-Alg3-Add-pcp11'],[0.0723419189453125]
['AStar-Alg3-Add-pcp12'],[0.07044792175292969]
['AStar-Alg3-Add-pcp13'],[0.07140088081359863]
['AStar-Alg3-Add-pcp14'],[0.07270002365112305]
['AStar-Alg3-Add-pcp15'],[0.07207512855529785]
['AStar-Alg3-Add-pcp16'],[0.07312703132629395]
['AStar-Alg3-Add-pcp17'],[0.0712130069732666]
['AStar-Alg3-Add-smartphone1'],[0.06474590301513672]
['AStar-Alg3-Add-smartphone2'],[0.0653231143951416]
['AStar-Alg3-Add-smartphone3'],[21.2826669216156]
['AStar-Alg3-Add-smartphone4'],[21.207197904586792]
['AStar-Alg3-Add-smartphone5'],[0.061122894287109375]
['AStar-Alg3-Add-smartphone6'],[0.0665891170501709]
['AStar-Alg3-Add-smartphone7'],[0.07332897186279297]
['AStar-Alg3-Add-transport1'],[0.07034111022949219]
['AStar-Alg3-Add-transport2'],[0.06704092025756836]
['AStar-Alg3-Add-transport3'],[0.07067608833312988]
['AStar-Alg3-Add-transport4'],[0.07055091857910156]
['AStar-Alg3-Add-transport5'],[12.343615055084229]
['AStar-Alg3-Add-transport6'],[21.10770606994629]
['AStar-Alg3-Add-transport7'],[21.113106966018677]
['AStar-Alg3-Add-transport8'],[21.106155157089233]
['AStar-Alg3-Add-transport9'],[0.407397985458374]
['AStar-Alg3-Add-transport10'],[21.106932163238525]
['AStar-Alg3-Add-transport11'],[0.3824279308319092]
['AStar-Alg3-Add-transport12'],[0.15681815147399902]
['AStar-Alg3-Add-transport13'],[0.5706660747528076]
['AStar-Alg3-Add-transport14'],[21.145765781402588]
['AStar-Alg3-Add-transport15'],[21.10473895072937]
['AStar-Alg3-Add-transport16'],[21.159488916397095]
['AStar-Alg3-Add-transport17'],[21.142189979553223]
['AStar-Alg3-Add-transport18'],[21.13539695739746]
['AStar-Alg3-Add-transport19'],[21.168354988098145]
['AStar-Alg3-Add-transport20'],[21.244161128997803]
['AStar-Alg3-Add-transport21'],[21.16887402534485]
['AStar-Alg3-Add-transport22'],[21.13496994972229]
['AStar-Alg3-Add-transport23'],[21.156391143798828]
['AStar-Alg3-Add-transport24'],[21.241291999816895]
['AStar-Alg3-Add-transport25'],[21.349512815475464]
['AStar-Alg3-Add-transport26'],[21.273746967315674]
['AStar-Alg3-Add-transport27'],[21.238972187042236]
['AStar-Alg3-Add-transport28'],[21.276730060577393]
['AStar-Alg3-Add-transport29'],[21.267274856567383]
['AStar-Alg3-Add-transport30'],[21.352234840393066]
['AStar-Alg3-Add-woodworking1'],[0.07248306274414062]
['AStar-Alg3-Add-woodworking2'],[0.06673598289489746]
['AStar-Alg3-Add-woodworking3'],[0.06451582908630371]
['AStar-Alg3-Add-woodworking4'],[0.06894302368164062]
['AStar-Alg3-Add-woodworking5'],[0.06413817405700684]
['AStar-Alg3-Add-woodworking6'],[0.06421208381652832]
['AStar-Alg3-Add-woodworking7'],[0.06895112991333008]
['AStar-Alg3-Add-woodworking8'],[0.1489098072052002]
['AStar-Alg3-Add-woodworking9'],[0.11503219604492188]
['AStar-Alg3-Add-woodworking10'],[0.5994000434875488]
['AStar-Alg3-Add-woodworking11'],[21.159087896347046]
['WA2-Alg3-FF-umtranslog1'],[0.10806798934936523]
['WA2-Alg3-FF-umtranslog2'],[0.1087789535522461]
['WA2-Alg3-FF-umtranslog3'],[0.11150598526000977]
['WA2-Alg3-FF-umtranslog4'],[0.08415102958679199]
['WA2-Alg3-FF-umtranslog5'],[0.06458902359008789]
['WA2-Alg3-FF-umtranslog6'],[0.06705713272094727]
['WA2-Alg3-FF-umtranslog7'],[0.08078694343566895]
['WA2-Alg3-FF-umtranslog8'],[0.06186509132385254]
['WA2-Alg3-FF-umtranslog9'],[0.06318306922912598]
['WA2-Alg3-FF-umtranslog10'],[0.062207937240600586]
['WA2-Alg3-FF-umtranslog11'],[0.0637211799621582]
['WA2-Alg3-FF-umtranslog12'],[0.06396698951721191]
['WA2-Alg3-FF-umtranslog13'],[0.06444001197814941]
['WA2-Alg3-FF-umtranslog14'],[0.06350302696228027]
['WA2-Alg3-FF-umtranslog15'],[0.06266903877258301]
['WA2-Alg3-FF-umtranslog16'],[0.17957210540771484]
['WA2-Alg3-FF-umtranslog17'],[0.06518912315368652]
['WA2-Alg3-FF-umtranslog18'],[0.06370997428894043]
['WA2-Alg3-FF-umtranslog19'],[0.06077313423156738]
['WA2-Alg3-FF-umtranslog20'],[0.06444692611694336]
['WA2-Alg3-FF-umtranslog21'],[0.06552314758300781]
['WA2-Alg3-FF-umtranslog22'],[0.06416797637939453]
['WA2-Alg3-FF-satellite1'],[0.06664681434631348]
['WA2-Alg3-FF-satellite2'],[0.06521010398864746]
['WA2-Alg3-FF-satellite3'],[0.06684494018554688]
['WA2-Alg3-FF-satellite4'],[0.06448197364807129]
['WA2-Alg3-FF-satellite5'],[0.06842398643493652]
['WA2-Alg3-FF-satellite6'],[0.06910204887390137]
['WA2-Alg3-FF-satellite7'],[0.06536984443664551]
['WA2-Alg3-FF-satellite8'],[0.0713949203491211]
['WA2-Alg3-FF-satellite9'],[0.07592606544494629]
['WA2-Alg3-FF-satellite10'],[0.06476712226867676]
['WA2-Alg3-FF-satellite11'],[0.06993389129638672]
['WA2-Alg3-FF-satellite12'],[0.07606005668640137]
['WA2-Alg3-FF-satellite13'],[0.06795287132263184]
['WA2-Alg3-FF-satellite14'],[0.06717085838317871]
['WA2-Alg3-FF-satellite15'],[0.08172798156738281]
['WA2-Alg3-FF-satellite16'],[0.0676431655883789]
['WA2-Alg3-FF-satellite17'],[0.0666048526763916]
['WA2-Alg3-FF-satellite18'],[0.07682490348815918]
['WA2-Alg3-FF-satellite19'],[0.10646390914916992]
['WA2-Alg3-FF-satellite20'],[0.0793921947479248]
['WA2-Alg3-FF-satellite21'],[0.3990640640258789]
['WA2-Alg3-FF-satellite22'],[7.916007041931152]
['WA2-Alg3-FF-satellite23'],[0.06019115447998047]
['WA2-Alg3-FF-satellite24'],[0.06540107727050781]
['WA2-Alg3-FF-satellite25'],[0.06849503517150879]
['WA2-Alg3-FF-entertainment1'],[0.07970094680786133]
['WA2-Alg3-FF-entertainment2'],[0.06323504447937012]
['WA2-Alg3-FF-entertainment3'],[0.06670904159545898]
['WA2-Alg3-FF-entertainment4'],[0.06359100341796875]
['WA2-Alg3-FF-entertainment5'],[0.06686687469482422]
['WA2-Alg3-FF-entertainment6'],[0.12395501136779785]
['WA2-Alg3-FF-entertainment7'],[0.31411004066467285]
['WA2-Alg3-FF-entertainment8'],[4.756711959838867]
['WA2-Alg3-FF-entertainment9'],[0.0752708911895752]
['WA2-Alg3-FF-entertainment10'],[0.07808399200439453]
['WA2-Alg3-FF-entertainment11'],[0.07626700401306152]
['WA2-Alg3-FF-entertainment12'],[0.08305716514587402]
['WA2-Alg3-FF-rover1'],[0.06771087646484375]
['WA2-Alg3-FF-rover2'],[0.06793093681335449]
['WA2-Alg3-FF-rover3'],[0.06680512428283691]
['WA2-Alg3-FF-rover4'],[0.069976806640625]
['WA2-Alg3-FF-rover5'],[1.2114050388336182]
['WA2-Alg3-FF-rover6'],[21.084738969802856]
['WA2-Alg3-FF-rover7'],[21.121000051498413]
['WA2-Alg3-FF-rover8'],[4.070657014846802]
['WA2-Alg3-FF-rover9'],[1.7655830383300781]
['WA2-Alg3-FF-rover10'],[21.117520093917847]
['WA2-Alg3-FF-rover11'],[21.21804714202881]
['WA2-Alg3-FF-rover12'],[21.24938416481018]
['WA2-Alg3-FF-rover13'],[21.413431882858276]
['WA2-Alg3-FF-rover14'],[21.209381103515625]
['WA2-Alg3-FF-rover15'],[21.164767026901245]
['WA2-Alg3-FF-rover16'],[21.14695405960083]
['WA2-Alg3-FF-rover17'],[21.173542976379395]
['WA2-Alg3-FF-rover18'],[21.215147018432617]
['WA2-Alg3-FF-rover19'],[22.632041931152344]
['WA2-Alg3-FF-rover20'],[21.436400175094604]
['WA2-Alg3-FF-pcp1'],[0.07355403900146484]
['WA2-Alg3-FF-pcp2'],[0.07913994789123535]
['WA2-Alg3-FF-pcp3'],[0.07055401802062988]
['WA2-Alg3-FF-pcp4'],[0.07665896415710449]
['WA2-Alg3-FF-pcp5'],[0.07608199119567871]
['WA2-Alg3-FF-pcp6'],[0.077362060546875]
['WA2-Alg3-FF-pcp7'],[0.07147407531738281]
['WA2-Alg3-FF-pcp8'],[0.072052001953125]
['WA2-Alg3-FF-pcp9'],[0.07138800621032715]
['WA2-Alg3-FF-pcp10'],[0.07727289199829102]
['WA2-Alg3-FF-pcp11'],[0.07316803932189941]
['WA2-Alg3-FF-pcp12'],[0.0722970962524414]
['WA2-Alg3-FF-pcp13'],[0.07197093963623047]
['WA2-Alg3-FF-pcp14'],[0.07092618942260742]
['WA2-Alg3-FF-pcp15'],[0.0713648796081543]
['WA2-Alg3-FF-pcp16'],[0.07141900062561035]
['WA2-Alg3-FF-pcp17'],[0.07500481605529785]
['WA2-Alg3-FF-smartphone1'],[0.06328415870666504]
['WA2-Alg3-FF-smartphone2'],[0.06386399269104004]
['WA2-Alg3-FF-smartphone3'],[21.374024152755737]
['WA2-Alg3-FF-smartphone4'],[21.319403171539307]
['WA2-Alg3-FF-smartphone5'],[0.061428070068359375]
['WA2-Alg3-FF-smartphone6'],[0.06558418273925781]
['WA2-Alg3-FF-smartphone7'],[0.06299901008605957]
['WA2-Alg3-FF-transport1'],[0.0731961727142334]
['WA2-Alg3-FF-transport2'],[0.06806612014770508]
['WA2-Alg3-FF-transport3'],[0.06820797920227051]
['WA2-Alg3-FF-transport4'],[0.06670498847961426]
['WA2-Alg3-FF-transport5'],[0.13444995880126953]
['WA2-Alg3-FF-transport6'],[21.092164993286133]
['WA2-Alg3-FF-transport7'],[21.088128805160522]
['WA2-Alg3-FF-transport8'],[0.0694570541381836]
['WA2-Alg3-FF-transport9'],[0.06843400001525879]
['WA2-Alg3-FF-transport10'],[0.08251500129699707]
['WA2-Alg3-FF-transport11'],[0.15528488159179688]
['WA2-Alg3-FF-transport12'],[0.18950510025024414]
['WA2-Alg3-FF-transport13'],[0.061914920806884766]
['WA2-Alg3-FF-transport14'],[0.11217713356018066]
['WA2-Alg3-FF-transport15'],[21.105289936065674]
['WA2-Alg3-FF-transport16'],[21.131597995758057]
['WA2-Alg3-FF-transport17'],[21.134865045547485]
['WA2-Alg3-FF-transport18'],[21.159965991973877]
['WA2-Alg3-FF-transport19'],[21.145708084106445]
['WA2-Alg3-FF-transport20'],[21.087512969970703]
['WA2-Alg3-FF-transport21'],[21.13634204864502]
['WA2-Alg3-FF-transport22'],[21.140454053878784]
['WA2-Alg3-FF-transport23'],[21.10994005203247]
['WA2-Alg3-FF-transport24'],[21.10630202293396]
['WA2-Alg3-FF-transport25'],[21.173873901367188]
['WA2-Alg3-FF-transport26'],[21.393718957901]
['WA2-Alg3-FF-transport27'],[21.089839935302734]
['WA2-Alg3-FF-transport28'],[21.23489809036255]
['WA2-Alg3-FF-transport29'],[21.624377012252808]
['WA2-Alg3-FF-transport30'],[22.726094007492065]
['WA2-Alg3-FF-woodworking1'],[0.06847620010375977]
['WA2-Alg3-FF-woodworking2'],[0.06680989265441895]
['WA2-Alg3-FF-woodworking3'],[0.06827807426452637]
['WA2-Alg3-FF-woodworking4'],[0.079254150390625]
['WA2-Alg3-FF-woodworking5'],[0.06341409683227539]
['WA2-Alg3-FF-woodworking6'],[0.06621408462524414]
['WA2-Alg3-FF-woodworking7'],[0.0717611312866211]
['WA2-Alg3-FF-woodworking8'],[0.4179370403289795]
['WA2-Alg3-FF-woodworking9'],[0.07544088363647461]
['WA2-Alg3-FF-woodworking10'],[0.08785319328308105]
['WA2-Alg3-FF-woodworking11'],[21.10076117515564]
['WA2-Alg3-LmCut-umtranslog1'],[0.1069800853729248]
['WA2-Alg3-LmCut-umtranslog2'],[0.11667585372924805]
['WA2-Alg3-LmCut-umtranslog3'],[0.11249494552612305]
['WA2-Alg3-LmCut-umtranslog4'],[0.10781216621398926]
['WA2-Alg3-LmCut-umtranslog5'],[0.10722804069519043]
['WA2-Alg3-LmCut-umtranslog6'],[0.1065831184387207]
['WA2-Alg3-LmCut-umtranslog7'],[0.10781311988830566]
['WA2-Alg3-LmCut-umtranslog8'],[0.11172103881835938]
['WA2-Alg3-LmCut-umtranslog9'],[0.11659789085388184]
['WA2-Alg3-LmCut-umtranslog10'],[0.12827491760253906]
['WA2-Alg3-LmCut-umtranslog11'],[0.10808300971984863]
['WA2-Alg3-LmCut-umtranslog12'],[0.10743498802185059]
['WA2-Alg3-LmCut-umtranslog13'],[0.11391592025756836]
['WA2-Alg3-LmCut-umtranslog14'],[0.10633206367492676]
['WA2-Alg3-LmCut-umtranslog15'],[0.11812520027160645]
['WA2-Alg3-LmCut-umtranslog16'],[0.23420000076293945]
['WA2-Alg3-LmCut-umtranslog17'],[0.10851597785949707]
['WA2-Alg3-LmCut-umtranslog18'],[0.10757279396057129]
['WA2-Alg3-LmCut-umtranslog19'],[0.10597491264343262]
['WA2-Alg3-LmCut-umtranslog20'],[0.10862112045288086]
['WA2-Alg3-LmCut-umtranslog21'],[0.10980820655822754]
['WA2-Alg3-LmCut-umtranslog22'],[0.09379220008850098]
['WA2-Alg3-LmCut-satellite1'],[0.0633389949798584]
['WA2-Alg3-LmCut-satellite2'],[0.07915210723876953]
['WA2-Alg3-LmCut-satellite3'],[0.06720209121704102]
['WA2-Alg3-LmCut-satellite4'],[0.06593894958496094]
['WA2-Alg3-LmCut-satellite5'],[0.06613588333129883]
['WA2-Alg3-LmCut-satellite6'],[0.06561899185180664]
['WA2-Alg3-LmCut-satellite7'],[0.06539416313171387]
['WA2-Alg3-LmCut-satellite8'],[0.07747197151184082]
['WA2-Alg3-LmCut-satellite9'],[0.1233830451965332]
['WA2-Alg3-LmCut-satellite10'],[0.07070302963256836]
['WA2-Alg3-LmCut-satellite11'],[0.10520195960998535]
['WA2-Alg3-LmCut-satellite12'],[0.14880800247192383]
['WA2-Alg3-LmCut-satellite13'],[0.0848701000213623]
['WA2-Alg3-LmCut-satellite14'],[0.10436701774597168]
['WA2-Alg3-LmCut-satellite15'],[0.1620640754699707]
['WA2-Alg3-LmCut-satellite16'],[0.11591291427612305]
['WA2-Alg3-LmCut-satellite17'],[0.13283801078796387]
['WA2-Alg3-LmCut-satellite18'],[0.8405060768127441]
['WA2-Alg3-LmCut-satellite19'],[21.239389896392822]
['WA2-Alg3-LmCut-satellite20'],[8.018144845962524]
['WA2-Alg3-LmCut-satellite21'],[4.3081419467926025]
['WA2-Alg3-LmCut-satellite22'],[21.39032292366028]
['WA2-Alg3-LmCut-satellite23'],[0.10688591003417969]
['WA2-Alg3-LmCut-satellite24'],[0.10847115516662598]
['WA2-Alg3-LmCut-satellite25'],[0.12257885932922363]
['WA2-Alg3-LmCut-entertainment1'],[0.10951805114746094]
['WA2-Alg3-LmCut-entertainment2'],[0.1093130111694336]
['WA2-Alg3-LmCut-entertainment3'],[0.11005210876464844]
['WA2-Alg3-LmCut-entertainment4'],[0.10964488983154297]
['WA2-Alg3-LmCut-entertainment5'],[0.11511397361755371]
['WA2-Alg3-LmCut-entertainment6'],[1.1871931552886963]
['WA2-Alg3-LmCut-entertainment7'],[13.314493894577026]
['WA2-Alg3-LmCut-entertainment8'],[21.46760392189026]
['WA2-Alg3-LmCut-entertainment9'],[0.07755112648010254]
['WA2-Alg3-LmCut-entertainment10'],[0.15988993644714355]
['WA2-Alg3-LmCut-entertainment11'],[0.15289306640625]
['WA2-Alg3-LmCut-entertainment12'],[0.13013792037963867]
['WA2-Alg3-LmCut-rover1'],[0.07595491409301758]
['WA2-Alg3-LmCut-rover2'],[0.07637810707092285]
['WA2-Alg3-LmCut-rover3'],[0.09241509437561035]
['WA2-Alg3-LmCut-rover4'],[0.08101701736450195]
['WA2-Alg3-LmCut-rover5'],[5.138751029968262]
['WA2-Alg3-LmCut-rover6'],[22.260206937789917]
['WA2-Alg3-LmCut-rover7'],[13.237112998962402]
['WA2-Alg3-LmCut-rover8'],[27.31385087966919]
['WA2-Alg3-LmCut-rover9'],[21.44919991493225]
['WA2-Alg3-LmCut-rover10'],[22.931398153305054]
['WA2-Alg3-LmCut-rover11'],[28.82370400428772]
['WA2-Alg3-LmCut-rover12'],[22.599385976791382]
['WA2-Alg3-LmCut-rover13'],[22.19930601119995]
['WA2-Alg3-LmCut-rover14'],[28.17281699180603]
['WA2-Alg3-LmCut-rover15'],[25.016183137893677]
['WA2-Alg3-LmCut-rover16'],[34.84407305717468]
['WA2-Alg3-LmCut-rover17'],[44.37698316574097]
['WA2-Alg3-LmCut-rover18'],[62.5584979057312]
['WA2-Alg3-LmCut-rover19'],[131.05802488327026]
['WA2-Alg3-LmCut-rover20'],[225.5531780719757]
['WA2-Alg3-LmCut-pcp1'],[0.1423940658569336]
['WA2-Alg3-LmCut-pcp2'],[0.13614511489868164]
['WA2-Alg3-LmCut-pcp3'],[0.13773798942565918]
['WA2-Alg3-LmCut-pcp4'],[0.13618993759155273]
['WA2-Alg3-LmCut-pcp5'],[0.13432788848876953]
['WA2-Alg3-LmCut-pcp6'],[0.1388099193572998]
['WA2-Alg3-LmCut-pcp7'],[0.13535499572753906]
['WA2-Alg3-LmCut-pcp8'],[0.1588728427886963]
['WA2-Alg3-LmCut-pcp9'],[0.13828301429748535]
['WA2-Alg3-LmCut-pcp10'],[0.13668489456176758]
['WA2-Alg3-LmCut-pcp11'],[0.13692283630371094]
['WA2-Alg3-LmCut-pcp12'],[0.13951492309570312]
['WA2-Alg3-LmCut-pcp13'],[0.13861608505249023]
['WA2-Alg3-LmCut-pcp14'],[0.13335895538330078]
['WA2-Alg3-LmCut-pcp15'],[0.11511993408203125]
['WA2-Alg3-LmCut-pcp16'],[0.07940292358398438]
['WA2-Alg3-LmCut-pcp17'],[0.08071517944335938]
['WA2-Alg3-LmCut-smartphone1'],[0.06308603286743164]
['WA2-Alg3-LmCut-smartphone2'],[0.0682210922241211]
['WA2-Alg3-LmCut-smartphone3'],[16.001038074493408]
['WA2-Alg3-LmCut-smartphone4'],[21.551570892333984]
['WA2-Alg3-LmCut-smartphone5'],[0.07004690170288086]
['WA2-Alg3-LmCut-smartphone6'],[0.11553812026977539]
['WA2-Alg3-LmCut-smartphone7'],[0.11098217964172363]
['WA2-Alg3-LmCut-transport1'],[0.1098330020904541]
['WA2-Alg3-LmCut-transport2'],[0.12622499465942383]
['WA2-Alg3-LmCut-transport3'],[0.11188793182373047]
['WA2-Alg3-LmCut-transport4'],[0.13854694366455078]
['WA2-Alg3-LmCut-transport5'],[0.5111839771270752]
['WA2-Alg3-LmCut-transport6'],[1.0789618492126465]
['WA2-Alg3-LmCut-transport7'],[21.194266080856323]
['WA2-Alg3-LmCut-transport8'],[21.887487173080444]
['WA2-Alg3-LmCut-transport9'],[0.4622800350189209]
['WA2-Alg3-LmCut-transport10'],[1.8696298599243164]
['WA2-Alg3-LmCut-transport11'],[0.1735978126525879]
['WA2-Alg3-LmCut-transport12'],[0.1859281063079834]
['WA2-Alg3-LmCut-transport13'],[1.0625560283660889]
['WA2-Alg3-LmCut-transport14'],[3.575084924697876]
['WA2-Alg3-LmCut-transport15'],[23.086217880249023]
['WA2-Alg3-LmCut-transport16'],[21.409921884536743]
['WA2-Alg3-LmCut-transport17'],[25.436023950576782]
['WA2-Alg3-LmCut-transport18'],[24.963778018951416]
['WA2-Alg3-LmCut-transport19'],[28.303422927856445]
['WA2-Alg3-LmCut-transport20'],[22.666786193847656]
['WA2-Alg3-LmCut-transport21'],[22.49347996711731]
['WA2-Alg3-LmCut-transport22'],[28.263139963150024]
['WA2-Alg3-LmCut-transport23'],[31.77717685699463]
['WA2-Alg3-LmCut-transport24'],[21.58625888824463]
['WA2-Alg3-LmCut-transport25'],[49.449185848236084]
['WA2-Alg3-LmCut-transport26'],[97.44267797470093]
['WA2-Alg3-LmCut-transport27'],[54.032224893569946]
['WA2-Alg3-LmCut-transport28'],[108.59997296333313]
['WA2-Alg3-LmCut-transport29'],[214.41063380241394]
['WA2-Alg3-LmCut-transport30'],[211.41008400917053]
['WA2-Alg3-LmCut-woodworking1'],[0.07356905937194824]
['WA2-Alg3-LmCut-woodworking2'],[0.07718300819396973]
['WA2-Alg3-LmCut-woodworking3'],[0.06758785247802734]
['WA2-Alg3-LmCut-woodworking4'],[0.06456899642944336]
['WA2-Alg3-LmCut-woodworking5'],[0.06444311141967773]
['WA2-Alg3-LmCut-woodworking6'],[0.0661468505859375]
['WA2-Alg3-LmCut-woodworking7'],[0.07394289970397949]
['WA2-Alg3-LmCut-woodworking8'],[0.6986739635467529]
['WA2-Alg3-LmCut-woodworking9'],[1.6142969131469727]
['WA2-Alg3-LmCut-woodworking10'],[2.7298200130462646]
['WA2-Alg3-LmCut-woodworking11'],[21.44024896621704]
['WA2-Alg3-Add-umtranslog1'],[0.10851001739501953]
['WA2-Alg3-Add-umtranslog2'],[0.1073770523071289]
['WA2-Alg3-Add-umtranslog3'],[0.11160016059875488]
['WA2-Alg3-Add-umtranslog4'],[0.10634803771972656]
['WA2-Alg3-Add-umtranslog5'],[0.10665702819824219]
['WA2-Alg3-Add-umtranslog6'],[0.10857415199279785]
['WA2-Alg3-Add-umtranslog7'],[0.1293659210205078]
['WA2-Alg3-Add-umtranslog8'],[0.10715508460998535]
['WA2-Alg3-Add-umtranslog9'],[0.10622096061706543]
['WA2-Alg3-Add-umtranslog10'],[0.10739707946777344]
['WA2-Alg3-Add-umtranslog11'],[0.11678719520568848]
['WA2-Alg3-Add-umtranslog12'],[0.10917115211486816]
['WA2-Alg3-Add-umtranslog13'],[0.10830116271972656]
['WA2-Alg3-Add-umtranslog14'],[0.10792088508605957]
['WA2-Alg3-Add-umtranslog15'],[0.10647201538085938]
['WA2-Alg3-Add-umtranslog16'],[0.23261809349060059]
['WA2-Alg3-Add-umtranslog17'],[0.1070559024810791]
['WA2-Alg3-Add-umtranslog18'],[0.10857009887695312]
['WA2-Alg3-Add-umtranslog19'],[0.06406903266906738]
['WA2-Alg3-Add-umtranslog20'],[0.07002806663513184]
['WA2-Alg3-Add-umtranslog21'],[0.0653378963470459]
['WA2-Alg3-Add-umtranslog22'],[0.06015801429748535]
['WA2-Alg3-Add-satellite1'],[0.06945490837097168]
['WA2-Alg3-Add-satellite2'],[0.0693349838256836]
['WA2-Alg3-Add-satellite3'],[0.06615495681762695]
['WA2-Alg3-Add-satellite4'],[0.06757807731628418]
['WA2-Alg3-Add-satellite5'],[0.06577706336975098]
['WA2-Alg3-Add-satellite6'],[0.07184886932373047]
['WA2-Alg3-Add-satellite7'],[0.06402206420898438]
['WA2-Alg3-Add-satellite8'],[0.08694291114807129]
['WA2-Alg3-Add-satellite9'],[0.09360289573669434]
['WA2-Alg3-Add-satellite10'],[0.06895804405212402]
['WA2-Alg3-Add-satellite11'],[0.08007502555847168]
['WA2-Alg3-Add-satellite12'],[0.1186971664428711]
['WA2-Alg3-Add-satellite13'],[0.06907987594604492]
['WA2-Alg3-Add-satellite14'],[0.08724212646484375]
['WA2-Alg3-Add-satellite15'],[0.1265559196472168]
['WA2-Alg3-Add-satellite16'],[0.08735299110412598]
['WA2-Alg3-Add-satellite17'],[0.6870160102844238]
['WA2-Alg3-Add-satellite18'],[0.2375500202178955]
['WA2-Alg3-Add-satellite19'],[11.996100902557373]
['WA2-Alg3-Add-satellite20'],[16.924700021743774]
['WA2-Alg3-Add-satellite21'],[21.127989053726196]
['WA2-Alg3-Add-satellite22'],[21.158069849014282]
['WA2-Alg3-Add-satellite23'],[0.11096715927124023]
['WA2-Alg3-Add-satellite24'],[0.06483197212219238]
['WA2-Alg3-Add-satellite25'],[0.06629300117492676]
['WA2-Alg3-Add-entertainment1'],[0.06678414344787598]
['WA2-Alg3-Add-entertainment2'],[0.06517791748046875]
['WA2-Alg3-Add-entertainment3'],[0.06304788589477539]
['WA2-Alg3-Add-entertainment4'],[0.0650930404663086]
['WA2-Alg3-Add-entertainment5'],[0.06564188003540039]
['WA2-Alg3-Add-entertainment6'],[0.08437180519104004]
['WA2-Alg3-Add-entertainment7'],[0.2323291301727295]
['WA2-Alg3-Add-entertainment8'],[1.0023889541625977]
['WA2-Alg3-Add-entertainment9'],[0.0738980770111084]
['WA2-Alg3-Add-entertainment10'],[0.07683181762695312]
['WA2-Alg3-Add-entertainment11'],[0.0752110481262207]
['WA2-Alg3-Add-entertainment12'],[0.07806992530822754]
['WA2-Alg3-Add-rover1'],[0.0651559829711914]
['WA2-Alg3-Add-rover2'],[0.06840801239013672]
['WA2-Alg3-Add-rover3'],[0.06875300407409668]
['WA2-Alg3-Add-rover4'],[0.06356096267700195]
['WA2-Alg3-Add-rover5'],[0.39815688133239746]
['WA2-Alg3-Add-rover6'],[21.09807300567627]
['WA2-Alg3-Add-rover7'],[5.85509991645813]
['WA2-Alg3-Add-rover8'],[21.07646918296814]
['WA2-Alg3-Add-rover9'],[21.086585998535156]
['WA2-Alg3-Add-rover10'],[21.162266969680786]
['WA2-Alg3-Add-rover11'],[21.175857067108154]
['WA2-Alg3-Add-rover12'],[21.124660968780518]
['WA2-Alg3-Add-rover13'],[3.814035177230835]
['WA2-Alg3-Add-rover14'],[21.084017038345337]
['WA2-Alg3-Add-rover15'],[21.146354913711548]
['WA2-Alg3-Add-rover16'],[21.22504687309265]
['WA2-Alg3-Add-rover17'],[21.276828050613403]
['WA2-Alg3-Add-rover18'],[21.27868390083313]
['WA2-Alg3-Add-rover19'],[21.411969900131226]
['WA2-Alg3-Add-rover20'],[21.40997004508972]
['WA2-Alg3-Add-pcp1'],[0.06910395622253418]
['WA2-Alg3-Add-pcp2'],[0.08244800567626953]
['WA2-Alg3-Add-pcp3'],[0.07107090950012207]
['WA2-Alg3-Add-pcp4'],[0.06952810287475586]
['WA2-Alg3-Add-pcp5'],[0.06760787963867188]
['WA2-Alg3-Add-pcp6'],[0.07708287239074707]
['WA2-Alg3-Add-pcp7'],[0.07275676727294922]
['WA2-Alg3-Add-pcp8'],[0.07146906852722168]
['WA2-Alg3-Add-pcp9'],[0.07326793670654297]
['WA2-Alg3-Add-pcp10'],[0.07043695449829102]
['WA2-Alg3-Add-pcp11'],[0.06944680213928223]
['WA2-Alg3-Add-pcp12'],[0.06998491287231445]
['WA2-Alg3-Add-pcp13'],[0.07009601593017578]
['WA2-Alg3-Add-pcp14'],[0.06942296028137207]
['WA2-Alg3-Add-pcp15'],[0.06624317169189453]
['WA2-Alg3-Add-pcp16'],[0.06933021545410156]
['WA2-Alg3-Add-pcp17'],[0.06897497177124023]
['WA2-Alg3-Add-smartphone1'],[0.061341047286987305]
['WA2-Alg3-Add-smartphone2'],[0.06709098815917969]
['WA2-Alg3-Add-smartphone3'],[21.64584708213806]
['WA2-Alg3-Add-smartphone4'],[21.282165050506592]
['WA2-Alg3-Add-smartphone5'],[0.10657191276550293]
['WA2-Alg3-Add-smartphone6'],[0.10915613174438477]
['WA2-Alg3-Add-smartphone7'],[0.11020898818969727]
['WA2-Alg3-Add-transport1'],[0.1094980239868164]
['WA2-Alg3-Add-transport2'],[0.11157107353210449]
['WA2-Alg3-Add-transport3'],[0.12102794647216797]
['WA2-Alg3-Add-transport4'],[0.14101696014404297]
['WA2-Alg3-Add-transport5'],[21.16483998298645]
['WA2-Alg3-Add-transport6'],[21.13213610649109]
['WA2-Alg3-Add-transport7'],[21.097034215927124]
['WA2-Alg3-Add-transport8'],[21.09403920173645]
['WA2-Alg3-Add-transport9'],[21.09637999534607]
['WA2-Alg3-Add-transport10'],[0.07858109474182129]
['WA2-Alg3-Add-transport11'],[21.08302116394043]
['WA2-Alg3-Add-transport12'],[21.123178005218506]
['WA2-Alg3-Add-transport13'],[21.12827706336975]
['WA2-Alg3-Add-transport14'],[21.128010988235474]
['WA2-Alg3-Add-transport15'],[21.197129011154175]
['WA2-Alg3-Add-transport16'],[21.129577159881592]
['WA2-Alg3-Add-transport17'],[21.140879154205322]
['WA2-Alg3-Add-transport18'],[21.165905952453613]
['WA2-Alg3-Add-transport19'],[21.271445989608765]
['WA2-Alg3-Add-transport20'],[21.200300931930542]
['WA2-Alg3-Add-transport21'],[21.157207012176514]
['WA2-Alg3-Add-transport22'],[21.101524114608765]
['WA2-Alg3-Add-transport23'],[21.109973192214966]
['WA2-Alg3-Add-transport24'],[21.090490102767944]
['WA2-Alg3-Add-transport25'],[21.439275979995728]
['WA2-Alg3-Add-transport26'],[21.4082350730896]
['WA2-Alg3-Add-transport27'],[21.221276998519897]
['WA2-Alg3-Add-transport28'],[21.12399196624756]
['WA2-Alg3-Add-transport29'],[22.197179079055786]
['WA2-Alg3-Add-transport30'],[21.24889588356018]
['WA2-Alg3-Add-woodworking1'],[0.06311202049255371]
['WA2-Alg3-Add-woodworking2'],[0.06605100631713867]
['WA2-Alg3-Add-woodworking3'],[0.06855916976928711]
['WA2-Alg3-Add-woodworking4'],[0.06843209266662598]
['WA2-Alg3-Add-woodworking5'],[0.0655679702758789]
['WA2-Alg3-Add-woodworking6'],[0.06669306755065918]
['WA2-Alg3-Add-woodworking7'],[0.06659817695617676]
['WA2-Alg3-Add-woodworking8'],[0.09460210800170898]
['WA2-Alg3-Add-woodworking9'],[0.08492922782897949]
['WA2-Alg3-Add-woodworking10'],[0.41778993606567383]
['WA2-Alg3-Add-woodworking11'],[21.156742095947266]
['Greedy-Alg3-FF-umtranslog1'],[0.060753822326660156]
['Greedy-Alg3-FF-umtranslog2'],[0.06470990180969238]
['Greedy-Alg3-FF-umtranslog3'],[0.06381797790527344]
['Greedy-Alg3-FF-umtranslog4'],[0.0631561279296875]
['Greedy-Alg3-FF-umtranslog5'],[0.06319999694824219]
['Greedy-Alg3-FF-umtranslog6'],[0.06536316871643066]
['Greedy-Alg3-FF-umtranslog7'],[0.06193089485168457]
['Greedy-Alg3-FF-umtranslog8'],[0.06728315353393555]
['Greedy-Alg3-FF-umtranslog9'],[0.07145905494689941]
['Greedy-Alg3-FF-umtranslog10'],[0.06243896484375]
['Greedy-Alg3-FF-umtranslog11'],[0.06804704666137695]
['Greedy-Alg3-FF-umtranslog12'],[0.07436418533325195]
['Greedy-Alg3-FF-umtranslog13'],[0.06137895584106445]
['Greedy-Alg3-FF-umtranslog14'],[0.06390500068664551]
['Greedy-Alg3-FF-umtranslog15'],[0.0645899772644043]
['Greedy-Alg3-FF-umtranslog16'],[0.20084714889526367]
['Greedy-Alg3-FF-umtranslog17'],[0.06698894500732422]
['Greedy-Alg3-FF-umtranslog18'],[0.0742650032043457]
['Greedy-Alg3-FF-umtranslog19'],[0.06404805183410645]
['Greedy-Alg3-FF-umtranslog20'],[0.08926701545715332]
['Greedy-Alg3-FF-umtranslog21'],[0.11161994934082031]
['Greedy-Alg3-FF-umtranslog22'],[0.10754799842834473]
['Greedy-Alg3-FF-satellite1'],[0.1071770191192627]
['Greedy-Alg3-FF-satellite2'],[0.10742497444152832]
['Greedy-Alg3-FF-satellite3'],[0.1071310043334961]
['Greedy-Alg3-FF-satellite4'],[0.1141061782836914]
['Greedy-Alg3-FF-satellite5'],[0.11324405670166016]
['Greedy-Alg3-FF-satellite6'],[0.10915899276733398]
['Greedy-Alg3-FF-satellite7'],[0.08427715301513672]
['Greedy-Alg3-FF-satellite8'],[0.06921005249023438]
['Greedy-Alg3-FF-satellite9'],[0.09462094306945801]
['Greedy-Alg3-FF-satellite10'],[0.0621640682220459]
['Greedy-Alg3-FF-satellite11'],[0.06789898872375488]
['Greedy-Alg3-FF-satellite12'],[0.07134103775024414]
['Greedy-Alg3-FF-satellite13'],[0.06836605072021484]
['Greedy-Alg3-FF-satellite14'],[0.0655820369720459]
['Greedy-Alg3-FF-satellite15'],[0.07461905479431152]
['Greedy-Alg3-FF-satellite16'],[0.06950783729553223]
['Greedy-Alg3-FF-satellite17'],[0.07164502143859863]
['Greedy-Alg3-FF-satellite18'],[0.0691380500793457]
['Greedy-Alg3-FF-satellite19'],[0.07190322875976562]
['Greedy-Alg3-FF-satellite20'],[0.07055807113647461]
['Greedy-Alg3-FF-satellite21'],[0.13339900970458984]
['Greedy-Alg3-FF-satellite22'],[21.116014003753662]
['Greedy-Alg3-FF-satellite23'],[0.1062629222869873]
['Greedy-Alg3-FF-satellite24'],[0.10807299613952637]
['Greedy-Alg3-FF-satellite25'],[0.10918903350830078]
['Greedy-Alg3-FF-entertainment1'],[0.10771393775939941]
['Greedy-Alg3-FF-entertainment2'],[0.10859012603759766]
['Greedy-Alg3-FF-entertainment3'],[0.1084752082824707]
['Greedy-Alg3-FF-entertainment4'],[0.10710597038269043]
['Greedy-Alg3-FF-entertainment5'],[0.10956692695617676]
['Greedy-Alg3-FF-entertainment6'],[0.07328987121582031]
['Greedy-Alg3-FF-entertainment7'],[0.13428497314453125]
['Greedy-Alg3-FF-entertainment8'],[0.09128999710083008]
['Greedy-Alg3-FF-entertainment9'],[0.07463693618774414]
['Greedy-Alg3-FF-entertainment10'],[0.07767796516418457]
['Greedy-Alg3-FF-entertainment11'],[0.07645702362060547]
['Greedy-Alg3-FF-entertainment12'],[0.07809901237487793]
['Greedy-Alg3-FF-rover1'],[0.0667269229888916]
['Greedy-Alg3-FF-rover2'],[0.07411813735961914]
['Greedy-Alg3-FF-rover3'],[0.06872081756591797]
['Greedy-Alg3-FF-rover4'],[0.07263517379760742]
['Greedy-Alg3-FF-rover5'],[0.20146894454956055]
['Greedy-Alg3-FF-rover6'],[21.07360816001892]
['Greedy-Alg3-FF-rover7'],[21.11090612411499]
['Greedy-Alg3-FF-rover8'],[21.116442918777466]
['Greedy-Alg3-FF-rover9'],[21.100542068481445]
['Greedy-Alg3-FF-rover10'],[21.176329135894775]
['Greedy-Alg3-FF-rover11'],[21.085331916809082]
['Greedy-Alg3-FF-rover12'],[21.09046697616577]
['Greedy-Alg3-FF-rover13'],[21.12426996231079]
['Greedy-Alg3-FF-rover14'],[21.167892932891846]
['Greedy-Alg3-FF-rover15'],[21.342746019363403]
['Greedy-Alg3-FF-rover16'],[21.20252799987793]
['Greedy-Alg3-FF-rover17'],[21.166398763656616]
['Greedy-Alg3-FF-rover18'],[21.168334007263184]
['Greedy-Alg3-FF-rover19'],[21.47206401824951]
['Greedy-Alg3-FF-rover20'],[21.332257986068726]
['Greedy-Alg3-FF-pcp1'],[0.13019108772277832]
['Greedy-Alg3-FF-pcp2'],[0.12269091606140137]
['Greedy-Alg3-FF-pcp3'],[0.12894797325134277]
['Greedy-Alg3-FF-pcp4'],[0.12069201469421387]
['Greedy-Alg3-FF-pcp5'],[0.12407684326171875]
['Greedy-Alg3-FF-pcp6'],[0.1089470386505127]
['Greedy-Alg3-FF-pcp7'],[0.07325410842895508]
['Greedy-Alg3-FF-pcp8'],[0.0802459716796875]
['Greedy-Alg3-FF-pcp9'],[0.07412290573120117]
['Greedy-Alg3-FF-pcp10'],[0.07305192947387695]
['Greedy-Alg3-FF-pcp11'],[0.07249093055725098]
['Greedy-Alg3-FF-pcp12'],[0.07742500305175781]
['Greedy-Alg3-FF-pcp13'],[0.07378411293029785]
['Greedy-Alg3-FF-pcp14'],[0.0712120532989502]
['Greedy-Alg3-FF-pcp15'],[0.0772240161895752]
['Greedy-Alg3-FF-pcp16'],[0.07001304626464844]
['Greedy-Alg3-FF-pcp17'],[0.0721290111541748]
['Greedy-Alg3-FF-smartphone1'],[0.0628209114074707]
['Greedy-Alg3-FF-smartphone2'],[0.06517815589904785]
['Greedy-Alg3-FF-smartphone3'],[21.30798602104187]
['Greedy-Alg3-FF-smartphone4'],[21.134968996047974]
['Greedy-Alg3-FF-smartphone5'],[0.06435799598693848]
['Greedy-Alg3-FF-smartphone6'],[0.10754203796386719]
['Greedy-Alg3-FF-smartphone7'],[0.11010503768920898]
['Greedy-Alg3-FF-transport1'],[0.10927200317382812]
['Greedy-Alg3-FF-transport2'],[0.4410989284515381]
['Greedy-Alg3-FF-transport3'],[0.10774993896484375]
['Greedy-Alg3-FF-transport4'],[0.11269402503967285]
['Greedy-Alg3-FF-transport5'],[0.11887311935424805]
['Greedy-Alg3-FF-transport6'],[21.192017078399658]
['Greedy-Alg3-FF-transport7'],[21.17430591583252]
['Greedy-Alg3-FF-transport8'],[21.132622003555298]
['Greedy-Alg3-FF-transport9'],[0.07220697402954102]
['Greedy-Alg3-FF-transport10'],[0.07425689697265625]
['Greedy-Alg3-FF-transport11'],[21.089393854141235]
['Greedy-Alg3-FF-transport12'],[21.123724937438965]
['Greedy-Alg3-FF-transport13'],[21.13323211669922]
['Greedy-Alg3-FF-transport14'],[21.122968912124634]
['Greedy-Alg3-FF-transport15'],[21.150097846984863]
['Greedy-Alg3-FF-transport16'],[21.11940288543701]
['Greedy-Alg3-FF-transport17'],[21.238776922225952]
['Greedy-Alg3-FF-transport18'],[21.12924313545227]
['Greedy-Alg3-FF-transport19'],[21.141286849975586]
['Greedy-Alg3-FF-transport20'],[21.14886498451233]
['Greedy-Alg3-FF-transport21'],[21.239304065704346]
['Greedy-Alg3-FF-transport22'],[21.157166957855225]
['Greedy-Alg3-FF-transport23'],[21.160696029663086]
['Greedy-Alg3-FF-transport24'],[21.124669790267944]
['Greedy-Alg3-FF-transport25'],[21.334129810333252]
['Greedy-Alg3-FF-transport26'],[21.16774296760559]
['Greedy-Alg3-FF-transport27'],[21.213008880615234]
['Greedy-Alg3-FF-transport28'],[21.375734090805054]
['Greedy-Alg3-FF-transport29'],[21.18166708946228]
['Greedy-Alg3-FF-transport30'],[21.252994060516357]
['Greedy-Alg3-FF-woodworking1'],[0.06533598899841309]
['Greedy-Alg3-FF-woodworking2'],[0.0646209716796875]
['Greedy-Alg3-FF-woodworking3'],[0.06479907035827637]
['Greedy-Alg3-FF-woodworking4'],[0.06513500213623047]
['Greedy-Alg3-FF-woodworking5'],[0.06551098823547363]
['Greedy-Alg3-FF-woodworking6'],[0.06512689590454102]
['Greedy-Alg3-FF-woodworking7'],[0.06864094734191895]
['Greedy-Alg3-FF-woodworking8'],[1.1974601745605469]
['Greedy-Alg3-FF-woodworking9'],[0.07413506507873535]
['Greedy-Alg3-FF-woodworking10'],[21.247977018356323]
['Greedy-Alg3-FF-woodworking11'],[21.12987995147705]
['Greedy-Alg3-LmCut-umtranslog1'],[0.059576988220214844]
['Greedy-Alg3-LmCut-umtranslog2'],[0.06569099426269531]
['Greedy-Alg3-LmCut-umtranslog3'],[0.08810901641845703]
['Greedy-Alg3-LmCut-umtranslog4'],[0.10735702514648438]
['Greedy-Alg3-LmCut-umtranslog5'],[0.10495400428771973]
['Greedy-Alg3-LmCut-umtranslog6'],[0.11251497268676758]
['Greedy-Alg3-LmCut-umtranslog7'],[0.11309504508972168]
['Greedy-Alg3-LmCut-umtranslog8'],[0.1076819896697998]
['Greedy-Alg3-LmCut-umtranslog9'],[0.10686707496643066]
['Greedy-Alg3-LmCut-umtranslog10'],[0.10764694213867188]
['Greedy-Alg3-LmCut-umtranslog11'],[0.10770893096923828]
['Greedy-Alg3-LmCut-umtranslog12'],[0.10798883438110352]
['Greedy-Alg3-LmCut-umtranslog13'],[0.10923385620117188]
['Greedy-Alg3-LmCut-umtranslog14'],[0.11274099349975586]
['Greedy-Alg3-LmCut-umtranslog15'],[0.10600781440734863]
['Greedy-Alg3-LmCut-umtranslog16'],[0.24726200103759766]
['Greedy-Alg3-LmCut-umtranslog17'],[0.11008906364440918]
['Greedy-Alg3-LmCut-umtranslog18'],[0.06356120109558105]
['Greedy-Alg3-LmCut-umtranslog19'],[0.06108593940734863]
['Greedy-Alg3-LmCut-umtranslog20'],[0.06633400917053223]
['Greedy-Alg3-LmCut-umtranslog21'],[0.06562399864196777]
['Greedy-Alg3-LmCut-umtranslog22'],[0.06352710723876953]
['Greedy-Alg3-LmCut-satellite1'],[0.06370210647583008]
['Greedy-Alg3-LmCut-satellite2'],[0.06609487533569336]
['Greedy-Alg3-LmCut-satellite3'],[0.06594109535217285]
['Greedy-Alg3-LmCut-satellite4'],[0.0666201114654541]
['Greedy-Alg3-LmCut-satellite5'],[0.06485509872436523]
['Greedy-Alg3-LmCut-satellite6'],[0.06818604469299316]
['Greedy-Alg3-LmCut-satellite7'],[0.07088494300842285]
['Greedy-Alg3-LmCut-satellite8'],[0.09937500953674316]
['Greedy-Alg3-LmCut-satellite9'],[0.08345794677734375]
['Greedy-Alg3-LmCut-satellite10'],[0.06854414939880371]
['Greedy-Alg3-LmCut-satellite11'],[0.07876396179199219]
['Greedy-Alg3-LmCut-satellite12'],[0.10628414154052734]
['Greedy-Alg3-LmCut-satellite13'],[0.07201099395751953]
['Greedy-Alg3-LmCut-satellite14'],[0.0981438159942627]
['Greedy-Alg3-LmCut-satellite15'],[0.20597100257873535]
['Greedy-Alg3-LmCut-satellite16'],[0.10652494430541992]
['Greedy-Alg3-LmCut-satellite17'],[0.10088109970092773]
['Greedy-Alg3-LmCut-satellite18'],[0.33588600158691406]
['Greedy-Alg3-LmCut-satellite19'],[7.671399831771851]
['Greedy-Alg3-LmCut-satellite20'],[1.3276269435882568]
['Greedy-Alg3-LmCut-satellite21'],[0.66249680519104]
['Greedy-Alg3-LmCut-satellite22'],[4.1938347816467285]
['Greedy-Alg3-LmCut-satellite23'],[0.08362007141113281]
['Greedy-Alg3-LmCut-satellite24'],[0.0959329605102539]
['Greedy-Alg3-LmCut-satellite25'],[0.06581997871398926]
['Greedy-Alg3-LmCut-entertainment1'],[0.08418989181518555]
['Greedy-Alg3-LmCut-entertainment2'],[0.08321714401245117]
['Greedy-Alg3-LmCut-entertainment3'],[0.09209609031677246]
['Greedy-Alg3-LmCut-entertainment4'],[0.0755159854888916]
['Greedy-Alg3-LmCut-entertainment5'],[0.09874916076660156]
['Greedy-Alg3-LmCut-entertainment6'],[0.1277329921722412]
['Greedy-Alg3-LmCut-entertainment7'],[0.1654348373413086]
['Greedy-Alg3-LmCut-entertainment8'],[0.1633908748626709]
['Greedy-Alg3-LmCut-entertainment9'],[0.0806128978729248]
['Greedy-Alg3-LmCut-entertainment10'],[0.10015296936035156]
['Greedy-Alg3-LmCut-entertainment11'],[0.09359002113342285]
['Greedy-Alg3-LmCut-entertainment12'],[0.11960387229919434]
['Greedy-Alg3-LmCut-rover1'],[0.07264399528503418]
['Greedy-Alg3-LmCut-rover2'],[0.07997488975524902]
['Greedy-Alg3-LmCut-rover3'],[0.07841110229492188]
['Greedy-Alg3-LmCut-rover4'],[0.07318305969238281]
['Greedy-Alg3-LmCut-rover5'],[21.10909605026245]
['Greedy-Alg3-LmCut-rover6'],[21.2729389667511]
['Greedy-Alg3-LmCut-rover7'],[21.068411111831665]
['Greedy-Alg3-LmCut-rover8'],[21.38804316520691]
['Greedy-Alg3-LmCut-rover9'],[0.5221359729766846]
['Greedy-Alg3-LmCut-rover10'],[21.31390404701233]
['Greedy-Alg3-LmCut-rover11'],[21.31464409828186]
['Greedy-Alg3-LmCut-rover12'],[4.563817024230957]
['Greedy-Alg3-LmCut-rover13'],[37.660609006881714]
['Greedy-Alg3-LmCut-rover14'],[21.15054416656494]
['Greedy-Alg3-LmCut-rover15'],[21.341012001037598]
['Greedy-Alg3-LmCut-rover16'],[33.976969957351685]
['Greedy-Alg3-LmCut-rover17'],[24.985877990722656]
['Greedy-Alg3-LmCut-rover18'],[21.569419860839844]
['Greedy-Alg3-LmCut-rover19'],[127.70502495765686]
['Greedy-Alg3-LmCut-rover20'],[210.99231100082397]
['Greedy-Alg3-LmCut-pcp1'],[0.07659387588500977]
['Greedy-Alg3-LmCut-pcp2'],[0.08182692527770996]
['Greedy-Alg3-LmCut-pcp3'],[0.07677316665649414]
['Greedy-Alg3-LmCut-pcp4'],[0.07804489135742188]
['Greedy-Alg3-LmCut-pcp5'],[0.07945895195007324]
['Greedy-Alg3-LmCut-pcp6'],[0.07220196723937988]
['Greedy-Alg3-LmCut-pcp7'],[0.0763850212097168]
['Greedy-Alg3-LmCut-pcp8'],[0.08664703369140625]
['Greedy-Alg3-LmCut-pcp9'],[0.0791771411895752]
['Greedy-Alg3-LmCut-pcp10'],[0.07480692863464355]
['Greedy-Alg3-LmCut-pcp11'],[0.07596683502197266]
['Greedy-Alg3-LmCut-pcp12'],[0.07326602935791016]
['Greedy-Alg3-LmCut-pcp13'],[0.07882213592529297]
['Greedy-Alg3-LmCut-pcp14'],[0.07697510719299316]
['Greedy-Alg3-LmCut-pcp15'],[0.07497787475585938]
['Greedy-Alg3-LmCut-pcp16'],[0.07377290725708008]
['Greedy-Alg3-LmCut-pcp17'],[0.07589101791381836]
['Greedy-Alg3-LmCut-smartphone1'],[0.060952186584472656]
['Greedy-Alg3-LmCut-smartphone2'],[0.06212592124938965]
['Greedy-Alg3-LmCut-smartphone3'],[21.147808074951172]
['Greedy-Alg3-LmCut-smartphone4'],[21.870576858520508]
['Greedy-Alg3-LmCut-smartphone5'],[0.10707402229309082]
['Greedy-Alg3-LmCut-smartphone6'],[0.10920095443725586]
['Greedy-Alg3-LmCut-smartphone7'],[0.10827994346618652]
['Greedy-Alg3-LmCut-transport1'],[0.11750507354736328]
['Greedy-Alg3-LmCut-transport2'],[0.7473011016845703]
['Greedy-Alg3-LmCut-transport3'],[0.11195182800292969]
['Greedy-Alg3-LmCut-transport4'],[0.9541749954223633]
['Greedy-Alg3-LmCut-transport5'],[0.08775997161865234]
['Greedy-Alg3-LmCut-transport6'],[21.443686962127686]
['Greedy-Alg3-LmCut-transport7'],[0.5457658767700195]
['Greedy-Alg3-LmCut-transport8'],[21.10434103012085]
['Greedy-Alg3-LmCut-transport9'],[21.14810800552368]
['Greedy-Alg3-LmCut-transport10'],[21.12899088859558]
['Greedy-Alg3-LmCut-transport11'],[0.4383370876312256]
['Greedy-Alg3-LmCut-transport12'],[0.08790016174316406]
['Greedy-Alg3-LmCut-transport13'],[21.14787793159485]
['Greedy-Alg3-LmCut-transport14'],[21.15841007232666]
['Greedy-Alg3-LmCut-transport15'],[21.128787994384766]
['Greedy-Alg3-LmCut-transport16'],[21.509613037109375]
['Greedy-Alg3-LmCut-transport17'],[23.492101907730103]
['Greedy-Alg3-LmCut-transport18'],[22.651535034179688]
['Greedy-Alg3-LmCut-transport19'],[23.71017599105835]
['Greedy-Alg3-LmCut-transport20'],[22.132524013519287]
['Greedy-Alg3-LmCut-transport21'],[23.53145408630371]
['Greedy-Alg3-LmCut-transport22'],[25.517827033996582]
['Greedy-Alg3-LmCut-transport23'],[24.677802085876465]
['Greedy-Alg3-LmCut-transport24'],[23.0551700592041]
['Greedy-Alg3-LmCut-transport25'],[36.55768799781799]
['Greedy-Alg3-LmCut-transport26'],[86.60312080383301]
['Greedy-Alg3-LmCut-transport27'],[50.31795883178711]
['Greedy-Alg3-LmCut-transport28'],[83.98114013671875]
['Greedy-Alg3-LmCut-transport29'],[198.70222902297974]
['Greedy-Alg3-LmCut-transport30'],[199.5078821182251]
['Greedy-Alg3-LmCut-woodworking1'],[0.07177090644836426]
['Greedy-Alg3-LmCut-woodworking2'],[0.0679159164428711]
['Greedy-Alg3-LmCut-woodworking3'],[0.07165384292602539]
['Greedy-Alg3-LmCut-woodworking4'],[0.06731510162353516]
['Greedy-Alg3-LmCut-woodworking5'],[0.08075308799743652]
['Greedy-Alg3-LmCut-woodworking6'],[0.06683206558227539]
['Greedy-Alg3-LmCut-woodworking7'],[0.08477520942687988]
['Greedy-Alg3-LmCut-woodworking8'],[0.23948907852172852]
['Greedy-Alg3-LmCut-woodworking9'],[0.1424269676208496]
['Greedy-Alg3-LmCut-woodworking10'],[8.847018003463745]
['Greedy-Alg3-LmCut-woodworking11'],[21.321592092514038]
['Greedy-Alg3-Add-umtranslog1'],[0.10734200477600098]
['Greedy-Alg3-Add-umtranslog2'],[0.10748791694641113]
['Greedy-Alg3-Add-umtranslog3'],[0.10913991928100586]
['Greedy-Alg3-Add-umtranslog4'],[0.10689496994018555]
['Greedy-Alg3-Add-umtranslog5'],[0.11271190643310547]
['Greedy-Alg3-Add-umtranslog6'],[0.10539507865905762]
['Greedy-Alg3-Add-umtranslog7'],[0.12008881568908691]
['Greedy-Alg3-Add-umtranslog8'],[0.1069340705871582]
['Greedy-Alg3-Add-umtranslog9'],[0.10606503486633301]
['Greedy-Alg3-Add-umtranslog10'],[0.110443115234375]
['Greedy-Alg3-Add-umtranslog11'],[0.06417584419250488]
['Greedy-Alg3-Add-umtranslog12'],[0.06394410133361816]
['Greedy-Alg3-Add-umtranslog13'],[0.06429004669189453]
['Greedy-Alg3-Add-umtranslog14'],[0.06534194946289062]
['Greedy-Alg3-Add-umtranslog15'],[0.06260395050048828]
['Greedy-Alg3-Add-umtranslog16'],[0.25073719024658203]
['Greedy-Alg3-Add-umtranslog17'],[0.0644218921661377]
['Greedy-Alg3-Add-umtranslog18'],[0.06618499755859375]
['Greedy-Alg3-Add-umtranslog19'],[0.06272482872009277]
['Greedy-Alg3-Add-umtranslog20'],[0.07130193710327148]
['Greedy-Alg3-Add-umtranslog21'],[0.08375096321105957]
['Greedy-Alg3-Add-umtranslog22'],[0.06350111961364746]
['Greedy-Alg3-Add-satellite1'],[0.06566905975341797]
['Greedy-Alg3-Add-satellite2'],[0.07202601432800293]
['Greedy-Alg3-Add-satellite3'],[0.07248187065124512]
['Greedy-Alg3-Add-satellite4'],[0.06939196586608887]
['Greedy-Alg3-Add-satellite5'],[0.06720900535583496]
['Greedy-Alg3-Add-satellite6'],[0.06748819351196289]
['Greedy-Alg3-Add-satellite7'],[0.08309602737426758]
['Greedy-Alg3-Add-satellite8'],[0.07346415519714355]
['Greedy-Alg3-Add-satellite9'],[0.10274481773376465]
['Greedy-Alg3-Add-satellite10'],[0.07062482833862305]
['Greedy-Alg3-Add-satellite11'],[0.08330488204956055]
['Greedy-Alg3-Add-satellite12'],[0.09694910049438477]
['Greedy-Alg3-Add-satellite13'],[0.06879496574401855]
['Greedy-Alg3-Add-satellite14'],[0.08379793167114258]
['Greedy-Alg3-Add-satellite15'],[0.14212799072265625]
['Greedy-Alg3-Add-satellite16'],[0.08002495765686035]
['Greedy-Alg3-Add-satellite17'],[0.8181970119476318]
['Greedy-Alg3-Add-satellite18'],[0.26091909408569336]
['Greedy-Alg3-Add-satellite19'],[5.9237141609191895]
['Greedy-Alg3-Add-satellite20'],[11.781008958816528]
['Greedy-Alg3-Add-satellite21'],[16.287902116775513]
['Greedy-Alg3-Add-satellite22'],[21.12952184677124]
['Greedy-Alg3-Add-satellite23'],[0.11082887649536133]
['Greedy-Alg3-Add-satellite24'],[0.10848093032836914]
['Greedy-Alg3-Add-satellite25'],[0.11142492294311523]
['Greedy-Alg3-Add-entertainment1'],[0.06799483299255371]
['Greedy-Alg3-Add-entertainment2'],[0.08174514770507812]
['Greedy-Alg3-Add-entertainment3'],[0.0655670166015625]
['Greedy-Alg3-Add-entertainment4'],[0.06565284729003906]
['Greedy-Alg3-Add-entertainment5'],[0.06723690032958984]
['Greedy-Alg3-Add-entertainment6'],[0.07360506057739258]
['Greedy-Alg3-Add-entertainment7'],[0.08800101280212402]
['Greedy-Alg3-Add-entertainment8'],[0.07911300659179688]
['Greedy-Alg3-Add-entertainment9'],[0.07476592063903809]
['Greedy-Alg3-Add-entertainment10'],[0.07760000228881836]
['Greedy-Alg3-Add-entertainment11'],[0.07643389701843262]
['Greedy-Alg3-Add-entertainment12'],[0.07831192016601562]
['Greedy-Alg3-Add-rover1'],[0.06763696670532227]
['Greedy-Alg3-Add-rover2'],[0.06995701789855957]
['Greedy-Alg3-Add-rover3'],[0.07447218894958496]
['Greedy-Alg3-Add-rover4'],[0.08412504196166992]
['Greedy-Alg3-Add-rover5'],[18.11220383644104]
['Greedy-Alg3-Add-rover6'],[21.087775945663452]
['Greedy-Alg3-Add-rover7'],[2.879694938659668]
['Greedy-Alg3-Add-rover8'],[21.08523988723755]
['Greedy-Alg3-Add-rover9'],[21.144768953323364]
['Greedy-Alg3-Add-rover10'],[21.15262508392334]
['Greedy-Alg3-Add-rover11'],[21.119248151779175]
['Greedy-Alg3-Add-rover12'],[21.17442011833191]
['Greedy-Alg3-Add-rover13'],[21.12919592857361]
['Greedy-Alg3-Add-rover14'],[21.09996509552002]
['Greedy-Alg3-Add-rover15'],[21.152674913406372]
['Greedy-Alg3-Add-rover16'],[21.22218084335327]
['Greedy-Alg3-Add-rover17'],[21.145148038864136]
['Greedy-Alg3-Add-rover18'],[21.231950998306274]
['Greedy-Alg3-Add-rover19'],[21.368066787719727]
['Greedy-Alg3-Add-rover20'],[21.630945205688477]
['Greedy-Alg3-Add-pcp1'],[0.11972999572753906]
['Greedy-Alg3-Add-pcp2'],[0.10236406326293945]
['Greedy-Alg3-Add-pcp3'],[0.0794830322265625]
['Greedy-Alg3-Add-pcp4'],[0.07383894920349121]
['Greedy-Alg3-Add-pcp5'],[0.07153701782226562]
['Greedy-Alg3-Add-pcp6'],[0.07014894485473633]
['Greedy-Alg3-Add-pcp7'],[0.07331585884094238]
['Greedy-Alg3-Add-pcp8'],[0.07665085792541504]
['Greedy-Alg3-Add-pcp9'],[0.07774901390075684]
['Greedy-Alg3-Add-pcp10'],[0.07104301452636719]
['Greedy-Alg3-Add-pcp11'],[0.06996297836303711]
['Greedy-Alg3-Add-pcp12'],[0.0712130069732666]
['Greedy-Alg3-Add-pcp13'],[0.06870889663696289]
['Greedy-Alg3-Add-pcp14'],[0.07193398475646973]
['Greedy-Alg3-Add-pcp15'],[0.07026791572570801]
['Greedy-Alg3-Add-pcp16'],[0.07304501533508301]
['Greedy-Alg3-Add-pcp17'],[0.07005810737609863]
['Greedy-Alg3-Add-smartphone1'],[0.06289482116699219]
['Greedy-Alg3-Add-smartphone2'],[0.06215691566467285]
['Greedy-Alg3-Add-smartphone3'],[21.172487020492554]
['Greedy-Alg3-Add-smartphone4'],[21.207831859588623]
['Greedy-Alg3-Add-smartphone5'],[0.10778093338012695]
['Greedy-Alg3-Add-smartphone6'],[0.11019086837768555]
['Greedy-Alg3-Add-smartphone7'],[0.11087393760681152]
['Greedy-Alg3-Add-transport1'],[0.11054587364196777]
['Greedy-Alg3-Add-transport2'],[0.24718904495239258]
['Greedy-Alg3-Add-transport3'],[1.6159379482269287]
['Greedy-Alg3-Add-transport4'],[21.102519035339355]
['Greedy-Alg3-Add-transport5'],[21.14479398727417]
['Greedy-Alg3-Add-transport6'],[21.097390174865723]
['Greedy-Alg3-Add-transport7'],[21.10404920578003]
['Greedy-Alg3-Add-transport8'],[21.1253559589386]
['Greedy-Alg3-Add-transport9'],[21.094878911972046]
['Greedy-Alg3-Add-transport10'],[0.07238006591796875]
['Greedy-Alg3-Add-transport11'],[21.082311153411865]
['Greedy-Alg3-Add-transport12'],[21.08951997756958]
['Greedy-Alg3-Add-transport13'],[21.122769832611084]
['Greedy-Alg3-Add-transport14'],[21.139837980270386]
['Greedy-Alg3-Add-transport15'],[21.10126495361328]
['Greedy-Alg3-Add-transport16'],[21.09675097465515]
['Greedy-Alg3-Add-transport17'],[21.12613010406494]
['Greedy-Alg3-Add-transport18'],[21.139652013778687]
['Greedy-Alg3-Add-transport19'],[21.341970205307007]
['Greedy-Alg3-Add-transport20'],[21.118587017059326]
['Greedy-Alg3-Add-transport21'],[21.125017166137695]
['Greedy-Alg3-Add-transport22'],[21.11765694618225]
['Greedy-Alg3-Add-transport23'],[21.15088391304016]
['Greedy-Alg3-Add-transport24'],[21.132028102874756]
['Greedy-Alg3-Add-transport25'],[21.3036208152771]
['Greedy-Alg3-Add-transport26'],[21.403090000152588]
['Greedy-Alg3-Add-transport27'],[21.233022928237915]
['Greedy-Alg3-Add-transport28'],[21.355057954788208]
['Greedy-Alg3-Add-transport29'],[21.400382041931152]
['Greedy-Alg3-Add-transport30'],[21.535839796066284]
['Greedy-Alg3-Add-woodworking1'],[0.06785202026367188]
['Greedy-Alg3-Add-woodworking2'],[0.06792211532592773]
['Greedy-Alg3-Add-woodworking3'],[0.06556510925292969]
['Greedy-Alg3-Add-woodworking4'],[0.06307101249694824]
['Greedy-Alg3-Add-woodworking5'],[0.06343317031860352]
['Greedy-Alg3-Add-woodworking6'],[0.06189393997192383]
['Greedy-Alg3-Add-woodworking7'],[0.06594109535217285]
['Greedy-Alg3-Add-woodworking8'],[0.08159708976745605]
['Greedy-Alg3-Add-woodworking9'],[0.1300201416015625]
['Greedy-Alg3-Add-woodworking10'],[0.282987117767334]
['Greedy-Alg3-Add-woodworking11'],[21.173954010009766]
